<?xml version='1.0' encoding='UTF-8'?>
<?artifactRepository version='1.1.0'?>
<repository name='Bundle pool' type='org.eclipse.equinox.p2.artifact.repository.simpleRepository' version='1'>
  <properties size='2'>
    <property name='p2.system' value='true'/>
    <property name='p2.timestamp' value='1381797490835'/>
  </properties>
  <mappings size='3'>
    <rule filter='(&amp; (classifier=osgi.bundle))' output='${repoUrl}/plugins/${id}_${version}.jar'/>
    <rule filter='(&amp; (classifier=binary))' output='${repoUrl}/binary/${id}_${version}'/>
    <rule filter='(&amp; (classifier=org.eclipse.update.feature))' output='${repoUrl}/features/${id}_${version}.jar'/>
  </mappings>
  <artifacts size='133'>
    <artifact classifier='osgi.bundle' id='com.datastax.devcenter.schema' version='1.0.0.201310150237'>
      <properties size='1'>
        <property name='download.size' value='24781'/>
      </properties>
    </artifact>
    <artifact classifier='osgi.bundle' id='org.eclipse.core.databinding.observable' version='1.4.1.v20130515-1857'>
      <properties size='1'>
        <property name='download.size' value='297395'/>
      </properties>
    </artifact>
    <artifact classifier='osgi.bundle' id='com.google.inject.multibindings' version='3.0.0.v20130529-1354'>
      <properties size='1'>
        <property name='download.size' value='43760'/>
      </properties>
    </artifact>
    <artifact classifier='osgi.bundle' id='org.eclipse.e4.ui.widgets' version='1.0.0.v20130515-1857'>
      <properties size='1'>
        <property name='download.size' value='14205'/>
      </properties>
    </artifact>
    <artifact classifier='osgi.bundle' id='org.apache.log4j' version='1.2.15.v201012070815'>
      <properties size='1'>
        <property name='download.size' value='414382'/>
      </properties>
    </artifact>
    <artifact classifier='osgi.bundle' id='org.eclipse.jdt.debug' version='3.8.0.v20130514-0841'>
      <properties size='1'>
        <property name='download.size' value='821814'/>
      </properties>
      <repositoryProperties size='1'>
        <property name='artifact.folder' value='true'/>
      </repositoryProperties>
    </artifact>
    <artifact classifier='osgi.bundle' id='org.eclipse.equinox.launcher.win32.win32.x86' version='1.1.200.v20130807-1835'>
      <properties size='1'>
        <property name='download.size' value='27231'/>
      </properties>
      <repositoryProperties size='1'>
        <property name='artifact.folder' value='true'/>
      </repositoryProperties>
    </artifact>
    <artifact classifier='osgi.bundle' id='org.eclipse.jdt.core' version='3.9.1.v20130905-0837'>
      <properties size='1'>
        <property name='download.size' value='4849416'/>
      </properties>
    </artifact>
    <artifact classifier='osgi.bundle' id='org.eclipse.ui.console' version='3.5.200.v20130514-0954'>
      <properties size='1'>
        <property name='download.size' value='161127'/>
      </properties>
    </artifact>
    <artifact classifier='osgi.bundle' id='org.eclipse.equinox.event' version='1.3.0.v20130327-1442'>
      <properties size='1'>
        <property name='download.size' value='32690'/>
      </properties>
    </artifact>
    <artifact classifier='osgi.bundle' id='org.eclipse.equinox.p2.metadata' version='2.2.0.v20130523-1557'>
      <properties size='1'>
        <property name='download.size' value='337972'/>
      </properties>
    </artifact>
    <artifact classifier='osgi.bundle' id='org.eclipse.equinox.launcher' version='1.3.0.v20130327-1440'>
      <properties size='1'>
        <property name='download.size' value='49968'/>
      </properties>
    </artifact>
    <artifact classifier='osgi.bundle' id='org.eclipse.core.databinding.property' version='1.4.200.v20130515-1857'>
      <properties size='1'>
        <property name='download.size' value='169046'/>
      </properties>
    </artifact>
    <artifact classifier='osgi.bundle' id='org.eclipse.ui.workbench' version='3.105.1.v20130821-1411'>
      <properties size='1'>
        <property name='download.size' value='3837577'/>
      </properties>
    </artifact>
    <artifact classifier='osgi.bundle' id='org.eclipse.core.expressions' version='3.4.500.v20130515-1343'>
      <properties size='1'>
        <property name='download.size' value='88278'/>
      </properties>
    </artifact>
    <artifact classifier='osgi.bundle' id='com.datastax.devcenter.rcp' version='1.0.0'>
      <properties size='1'>
        <property name='download.size' value='284016'/>
      </properties>
    </artifact>
    <artifact classifier='osgi.bundle' id='org.eclipse.ui.views' version='3.6.100.v20130326-1250'>
      <properties size='1'>
        <property name='download.size' value='91328'/>
      </properties>
    </artifact>
    <artifact classifier='osgi.bundle' id='org.eclipse.xtext.ui.codetemplates.ui' version='2.4.3.v201309030823'>
      <properties size='1'>
        <property name='download.size' value='236382'/>
      </properties>
    </artifact>
    <artifact classifier='osgi.bundle' id='org.eclipse.ui.editors' version='3.8.100.v20130513-1637'>
      <properties size='1'>
        <property name='download.size' value='577037'/>
      </properties>
    </artifact>
    <artifact classifier='osgi.bundle' id='com.datastax.devcenter.cql' version='1.0.0.201310150237'>
      <properties size='1'>
        <property name='download.size' value='735089'/>
      </properties>
    </artifact>
    <artifact classifier='osgi.bundle' id='org.eclipse.jface.text' version='3.8.101.v20130802-1147'>
      <properties size='1'>
        <property name='download.size' value='992827'/>
      </properties>
    </artifact>
    <artifact classifier='osgi.bundle' id='org.w3c.dom.smil' version='1.0.0.v200806040011'>
      <properties size='1'>
        <property name='download.size' value='15995'/>
      </properties>
    </artifact>
    <artifact classifier='osgi.bundle' id='org.eclipse.compare.core' version='3.5.300.v20130514-1224'>
      <properties size='1'>
        <property name='download.size' value='63379'/>
      </properties>
    </artifact>
    <artifact classifier='osgi.bundle' id='org.eclipse.debug.ui' version='3.9.0.v20130516-1713'>
      <properties size='1'>
        <property name='download.size' value='2627657'/>
      </properties>
    </artifact>
    <artifact classifier='osgi.bundle' id='com.datastax.devcenter.connections' version='1.0.0.201310150237'>
      <properties size='1'>
        <property name='download.size' value='94881'/>
      </properties>
    </artifact>
    <artifact classifier='osgi.bundle' id='org.eclipse.core.runtime' version='3.9.0.v20130326-1255'>
      <properties size='1'>
        <property name='download.size' value='73635'/>
      </properties>
    </artifact>
    <artifact classifier='osgi.bundle' id='org.eclipse.xtext.builder' version='2.4.3.v201309030823'>
      <properties size='1'>
        <property name='download.size' value='302677'/>
      </properties>
    </artifact>
    <artifact classifier='osgi.bundle' id='javax.inject' version='1.0.0.v20091030'>
      <properties size='1'>
        <property name='download.size' value='12288'/>
      </properties>
    </artifact>
    <artifact classifier='osgi.bundle' id='org.eclipse.core.databinding' version='1.4.1.v20130515-1857'>
      <properties size='1'>
        <property name='download.size' value='202137'/>
      </properties>
    </artifact>
    <artifact classifier='osgi.bundle' id='org.eclipse.emf.ecore.change' version='2.9.0.v20130827-0309'>
      <properties size='1'>
        <property name='download.size' value='85882'/>
      </properties>
    </artifact>
    <artifact classifier='osgi.bundle' id='org.eclipse.equinox.ds' version='1.4.101.v20130813-1853'>
      <properties size='1'>
        <property name='download.size' value='194441'/>
      </properties>
    </artifact>
    <artifact classifier='osgi.bundle' id='org.eclipse.e4.core.services' version='1.1.0.v20130515-1343'>
      <properties size='1'>
        <property name='download.size' value='23152'/>
      </properties>
    </artifact>
    <artifact classifier='osgi.bundle' id='org.eclipse.jdt.launching' version='3.7.0.v20130515-1451'>
      <properties size='1'>
        <property name='download.size' value='319047'/>
      </properties>
    </artifact>
    <artifact classifier='osgi.bundle' id='org.apache.commons.lang' version='2.6.0.v201205030909'>
      <properties size='1'>
        <property name='download.size' value='299208'/>
      </properties>
    </artifact>
    <artifact classifier='osgi.bundle' id='org.eclipse.core.resources' version='3.8.101.v20130717-0806'>
      <properties size='1'>
        <property name='download.size' value='830014'/>
      </properties>
    </artifact>
    <artifact classifier='osgi.bundle' id='org.eclipse.team.core' version='3.7.0.v20130514-1224'>
      <properties size='1'>
        <property name='download.size' value='403539'/>
      </properties>
    </artifact>
    <artifact classifier='osgi.bundle' id='org.eclipse.ui.navigator' version='3.5.300.v20130517-0139'>
      <properties size='1'>
        <property name='download.size' value='406375'/>
      </properties>
    </artifact>
    <artifact classifier='osgi.bundle' id='org.eclipse.e4.core.di.extensions' version='0.11.100.v20130514-1256'>
      <properties size='1'>
        <property name='download.size' value='23348'/>
      </properties>
    </artifact>
    <artifact classifier='osgi.bundle' id='org.eclipse.core.variables' version='3.2.700.v20130402-1741'>
      <properties size='1'>
        <property name='download.size' value='34228'/>
      </properties>
    </artifact>
    <artifact classifier='osgi.bundle' id='org.eclipse.xtext.xbase.lib' version='2.4.3.v201309030823'>
      <properties size='1'>
        <property name='download.size' value='107009'/>
      </properties>
    </artifact>
    <artifact classifier='osgi.bundle' id='org.eclipse.xtext' version='2.4.3.v201309030823'>
      <properties size='1'>
        <property name='download.size' value='2196942'/>
      </properties>
    </artifact>
    <artifact classifier='osgi.bundle' id='org.eclipse.e4.ui.model.workbench' version='1.0.1.v20130909-1436'>
      <properties size='1'>
        <property name='download.size' value='379181'/>
      </properties>
    </artifact>
    <artifact classifier='osgi.bundle' id='org.eclipse.ui.forms' version='3.6.1.v20130822-1117'>
      <properties size='1'>
        <property name='download.size' value='302339'/>
      </properties>
    </artifact>
    <artifact classifier='osgi.bundle' id='org.eclipse.e4.ui.css.swt' version='0.11.0.v20130515-1857'>
      <properties size='1'>
        <property name='download.size' value='155359'/>
      </properties>
    </artifact>
    <artifact classifier='osgi.bundle' id='org.eclipse.e4.ui.services' version='1.0.1.v20130909-1436'>
      <properties size='1'>
        <property name='download.size' value='25180'/>
      </properties>
    </artifact>
    <artifact classifier='osgi.bundle' id='org.eclipse.ui' version='3.105.0.v20130522-1122'>
      <properties size='1'>
        <property name='download.size' value='154349'/>
      </properties>
    </artifact>
    <artifact classifier='osgi.bundle' id='org.eclipse.debug.core' version='3.8.0.v20130514-0954'>
      <properties size='1'>
        <property name='download.size' value='347936'/>
      </properties>
    </artifact>
    <artifact classifier='osgi.bundle' id='org.apache.batik.util' version='1.6.0.v201011041432'>
      <properties size='1'>
        <property name='download.size' value='101159'/>
      </properties>
    </artifact>
    <artifact classifier='osgi.bundle' id='org.antlr.runtime' version='3.2.0.v201101311130'>
      <properties size='1'>
        <property name='download.size' value='214588'/>
      </properties>
    </artifact>
    <artifact classifier='osgi.bundle' id='org.eclipse.equinox.security' version='1.2.0.v20130424-1801'>
      <properties size='1'>
        <property name='download.size' value='107313'/>
      </properties>
    </artifact>
    <artifact classifier='osgi.bundle' id='org.eclipse.xtext.ui.codetemplates' version='2.4.3.v201309030823'>
      <properties size='1'>
        <property name='download.size' value='354279'/>
      </properties>
    </artifact>
    <artifact classifier='osgi.bundle' id='org.eclipse.team.ui' version='3.7.1.v20130729-1104'>
      <properties size='1'>
        <property name='download.size' value='1438906'/>
      </properties>
    </artifact>
    <artifact classifier='osgi.bundle' id='org.eclipse.help' version='3.6.0.v20130326-1254'>
      <properties size='1'>
        <property name='download.size' value='258927'/>
      </properties>
    </artifact>
    <artifact classifier='osgi.bundle' id='org.w3c.dom.svg' version='1.1.0.v201011041433'>
      <properties size='1'>
        <property name='download.size' value='87897'/>
      </properties>
    </artifact>
    <artifact classifier='osgi.bundle' id='com.datastax.driver.core' version='1.0.5'>
      <properties size='1'>
        <property name='download.size' value='14430399'/>
      </properties>
      <repositoryProperties size='1'>
        <property name='artifact.folder' value='true'/>
      </repositoryProperties>
    </artifact>
    <artifact classifier='osgi.bundle' id='org.eclipse.jdt.compiler.apt' version='1.0.600.v20130530-1010'>
      <properties size='1'>
        <property name='download.size' value='155021'/>
      </properties>
    </artifact>
    <artifact classifier='osgi.bundle' id='org.eclipse.e4.ui.bindings' version='0.10.101.v20130801-2002'>
      <properties size='1'>
        <property name='download.size' value='48677'/>
      </properties>
    </artifact>
    <artifact classifier='osgi.bundle' id='org.eclipse.emf.edit' version='2.9.0.v20130902-0605'>
      <properties size='1'>
        <property name='download.size' value='269629'/>
      </properties>
    </artifact>
    <artifact classifier='osgi.bundle' id='org.eclipse.e4.ui.css.core' version='0.10.100.v20130515-1857'>
      <properties size='1'>
        <property name='download.size' value='199760'/>
      </properties>
    </artifact>
    <artifact classifier='osgi.bundle' id='org.eclipse.ui.views.properties.tabbed' version='3.6.0.v20130515-1857'>
      <properties size='1'>
        <property name='download.size' value='106563'/>
      </properties>
    </artifact>
    <artifact classifier='osgi.bundle' id='org.eclipse.xtext.ui' version='2.4.3.v201309030823'>
      <properties size='1'>
        <property name='download.size' value='1442334'/>
      </properties>
    </artifact>
    <artifact classifier='osgi.bundle' id='com.datastax.devcenter.cql.ui' version='1.0.0.201310150237'>
      <properties size='1'>
        <property name='download.size' value='455643'/>
      </properties>
    </artifact>
    <artifact classifier='osgi.bundle' id='org.eclipse.xtext.common.types.ui' version='2.4.3.v201309030823'>
      <properties size='1'>
        <property name='download.size' value='193947'/>
      </properties>
    </artifact>
    <artifact classifier='osgi.bundle' id='com.google.inject' version='3.0.0.v201203062045'>
      <properties size='1'>
        <property name='download.size' value='520616'/>
      </properties>
    </artifact>
    <artifact classifier='osgi.bundle' id='com.ibm.icu' version='50.1.1.v201304230130'>
      <properties size='1'>
        <property name='download.size' value='9451362'/>
      </properties>
    </artifact>
    <artifact classifier='osgi.bundle' id='org.eclipse.e4.ui.workbench.swt' version='0.12.1.v20130815-1438'>
      <properties size='1'>
        <property name='download.size' value='172530'/>
      </properties>
    </artifact>
    <artifact classifier='osgi.bundle' id='org.eclipse.equinox.p2.engine' version='2.3.0.v20130526-2122'>
      <properties size='1'>
        <property name='download.size' value='200296'/>
      </properties>
    </artifact>
    <artifact classifier='osgi.bundle' id='org.eclipse.equinox.p2.repository' version='2.3.0.v20130412-2032'>
      <properties size='1'>
        <property name='download.size' value='129564'/>
      </properties>
    </artifact>
    <artifact classifier='osgi.bundle' id='org.eclipse.core.jobs' version='3.5.300.v20130429-1813'>
      <properties size='1'>
        <property name='download.size' value='92479'/>
      </properties>
    </artifact>
    <artifact classifier='osgi.bundle' id='org.eclipse.ui.workbench.texteditor' version='3.8.101.v20130729-1318'>
      <properties size='1'>
        <property name='download.size' value='584739'/>
      </properties>
    </artifact>
    <artifact classifier='osgi.bundle' id='org.eclipse.e4.ui.workbench.renderers.swt' version='0.11.1.v20130812-1345'>
      <properties size='1'>
        <property name='download.size' value='337815'/>
      </properties>
    </artifact>
    <artifact classifier='osgi.bundle' id='org.eclipse.xtext.logging' version='1.2.15.v201309030823'>
      <properties size='1'>
        <property name='download.size' value='10414'/>
      </properties>
    </artifact>
    <artifact classifier='osgi.bundle' id='org.eclipse.core.contenttype' version='3.4.200.v20130326-1255'>
      <properties size='1'>
        <property name='download.size' value='93013'/>
      </properties>
    </artifact>
    <artifact classifier='osgi.bundle' id='org.eclipse.osgi' version='3.9.1.v20130814-1242'>
      <properties size='1'>
        <property name='download.size' value='1392230'/>
      </properties>
    </artifact>
    <artifact classifier='osgi.bundle' id='org.eclipse.equinox.p2.metadata.repository' version='1.2.100.v20130327-2119'>
      <properties size='1'>
        <property name='download.size' value='111551'/>
      </properties>
    </artifact>
    <artifact classifier='osgi.bundle' id='org.eclipse.jdt.core.manipulation' version='1.5.0.v20130605-1748'>
      <properties size='1'>
        <property name='download.size' value='87593'/>
      </properties>
    </artifact>
    <artifact classifier='osgi.bundle' id='org.eclipse.swt.win32.win32.x86' version='3.102.1.v20130827-2048'>
      <properties size='1'>
        <property name='download.size' value='2696482'/>
      </properties>
    </artifact>
    <artifact classifier='osgi.bundle' id='org.eclipse.e4.ui.workbench' version='1.0.1.v20130910-2014'>
      <properties size='1'>
        <property name='download.size' value='247550'/>
      </properties>
    </artifact>
    <artifact classifier='osgi.bundle' id='org.eclipse.e4.ui.di' version='1.0.0.v20130515-1857'>
      <properties size='1'>
        <property name='download.size' value='15730'/>
      </properties>
    </artifact>
    <artifact classifier='osgi.bundle' id='javax.xml' version='1.3.4.v201005080400'>
      <properties size='1'>
        <property name='download.size' value='237996'/>
      </properties>
    </artifact>
    <artifact classifier='osgi.bundle' id='javax.annotation' version='1.1.0.v201209060031'>
      <properties size='1'>
        <property name='download.size' value='27664'/>
      </properties>
    </artifact>
    <artifact classifier='osgi.bundle' id='org.eclipse.e4.ui.css.swt.theme' version='0.9.100.v20130515-1857'>
      <properties size='1'>
        <property name='download.size' value='25528'/>
      </properties>
    </artifact>
    <artifact classifier='osgi.bundle' id='org.eclipse.emf.ecore' version='2.9.1.v20130827-0309'>
      <properties size='1'>
        <property name='download.size' value='1182649'/>
      </properties>
    </artifact>
    <artifact classifier='osgi.bundle' id='org.eclipse.core.filesystem.win32.x86' version='1.4.0.v20121112-0948'>
      <properties size='1'>
        <property name='download.size' value='27628'/>
      </properties>
    </artifact>
    <artifact classifier='osgi.bundle' id='org.eclipse.jdt.compiler.tool' version='1.0.200.v20130530-1010'>
      <properties size='1'>
        <property name='download.size' value='58380'/>
      </properties>
    </artifact>
    <artifact classifier='osgi.bundle' id='com.google.inject.assistedinject' version='3.0.0.v20130529-1354'>
      <properties size='1'>
        <property name='download.size' value='45902'/>
      </properties>
    </artifact>
    <artifact classifier='osgi.bundle' id='org.eclipse.ui.ide' version='3.9.1.v20130704-1828'>
      <properties size='1'>
        <property name='download.size' value='2366169'/>
      </properties>
    </artifact>
    <artifact classifier='osgi.bundle' id='org.eclipse.equinox.util' version='1.0.500.v20130404-1337'>
      <properties size='1'>
        <property name='download.size' value='77932'/>
      </properties>
    </artifact>
    <artifact classifier='osgi.bundle' id='org.eclipse.equinox.p2.core' version='2.3.0.v20130327-2119'>
      <properties size='1'>
        <property name='download.size' value='71398'/>
      </properties>
    </artifact>
    <artifact classifier='osgi.bundle' id='org.eclipse.jdt.ui' version='3.9.1.v20130820-1427'>
      <properties size='1'>
        <property name='download.size' value='10386566'/>
      </properties>
    </artifact>
    <artifact classifier='osgi.bundle' id='org.eclipse.xtext.common.types' version='2.4.3.v201309030823'>
      <properties size='1'>
        <property name='download.size' value='439758'/>
      </properties>
    </artifact>
    <artifact classifier='osgi.bundle' id='org.eclipse.ltk.ui.refactoring' version='3.7.100.v20130605-1748'>
      <properties size='1'>
        <property name='download.size' value='458479'/>
      </properties>
    </artifact>
    <artifact classifier='osgi.bundle' id='org.eclipse.compare' version='3.5.401.v20130709-1308'>
      <properties size='1'>
        <property name='download.size' value='754963'/>
      </properties>
    </artifact>
    <artifact classifier='osgi.bundle' id='org.eclipse.equinox.registry' version='3.5.301.v20130717-1549'>
      <properties size='1'>
        <property name='download.size' value='184147'/>
      </properties>
    </artifact>
    <artifact classifier='osgi.bundle' id='org.eclipse.e4.core.commands' version='0.10.2.v20130515-1857'>
      <properties size='1'>
        <property name='download.size' value='23904'/>
      </properties>
    </artifact>
    <artifact classifier='osgi.bundle' id='org.eclipse.ui.navigator.resources' version='3.4.500.v20130516-1049'>
      <properties size='1'>
        <property name='download.size' value='121329'/>
      </properties>
    </artifact>
    <artifact classifier='osgi.bundle' id='com.datastax.devcenter.common' version='1.0.0.201310150237'>
      <properties size='1'>
        <property name='download.size' value='24763'/>
      </properties>
    </artifact>
    <artifact classifier='osgi.bundle' id='org.eclipse.core.filesystem' version='1.4.0.v20130514-1240'>
      <properties size='1'>
        <property name='download.size' value='58051'/>
      </properties>
    </artifact>
    <artifact classifier='osgi.bundle' id='org.eclipse.core.filebuffers' version='3.5.300.v20130225-1821'>
      <properties size='1'>
        <property name='download.size' value='114602'/>
      </properties>
    </artifact>
    <artifact classifier='osgi.bundle' id='org.eclipse.core.runtime.compatibility.registry' version='3.5.200.v20130514-1256'>
      <properties size='1'>
        <property name='download.size' value='13552'/>
      </properties>
      <repositoryProperties size='1'>
        <property name='artifact.folder' value='true'/>
      </repositoryProperties>
    </artifact>
    <artifact classifier='osgi.bundle' id='org.eclipse.equinox.preferences' version='3.5.100.v20130422-1538'>
      <properties size='1'>
        <property name='download.size' value='127170'/>
      </properties>
    </artifact>
    <artifact classifier='osgi.bundle' id='org.eclipse.ui.win32' version='3.2.400.v20130516-1056'>
      <properties size='1'>
        <property name='download.size' value='25554'/>
      </properties>
    </artifact>
    <artifact classifier='osgi.bundle' id='com.datastax.devcenter.common.win' version='1.0.0.201310150237'>
      <properties size='1'>
        <property name='download.size' value='1893'/>
      </properties>
    </artifact>
    <artifact classifier='osgi.bundle' id='org.apache.batik.util.gui' version='1.6.0.v201011041432'>
      <properties size='1'>
        <property name='download.size' value='164253'/>
      </properties>
    </artifact>
    <artifact classifier='osgi.bundle' id='org.eclipse.equinox.app' version='1.3.100.v20130327-1442'>
      <properties size='1'>
        <property name='download.size' value='86244'/>
      </properties>
    </artifact>
    <artifact classifier='osgi.bundle' id='org.apache.commons.logging' version='1.1.1.v201101211721'>
      <properties size='1'>
        <property name='download.size' value='68107'/>
      </properties>
    </artifact>
    <artifact classifier='osgi.bundle' id='com.google.guava' version='10.0.1.v201203051515'>
      <properties size='1'>
        <property name='download.size' value='1593087'/>
      </properties>
    </artifact>
    <artifact classifier='osgi.bundle' id='org.eclipse.text' version='3.5.300.v20130515-1451'>
      <properties size='1'>
        <property name='download.size' value='249432'/>
      </properties>
    </artifact>
    <artifact classifier='osgi.bundle' id='org.eclipse.equinox.common' version='3.6.200.v20130402-1505'>
      <properties size='1'>
        <property name='download.size' value='106701'/>
      </properties>
    </artifact>
    <artifact classifier='osgi.bundle' id='org.eclipse.core.commands' version='3.6.100.v20130515-1857'>
      <properties size='1'>
        <property name='download.size' value='108765'/>
      </properties>
    </artifact>
    <artifact classifier='osgi.bundle' id='org.eclipse.emf.common.ui' version='2.8.0.v20130902-0605'>
      <properties size='1'>
        <property name='download.size' value='155015'/>
      </properties>
    </artifact>
    <artifact classifier='osgi.bundle' id='org.eclipse.search' version='3.9.0.v20130312-1625'>
      <properties size='1'>
        <property name='download.size' value='472630'/>
      </properties>
    </artifact>
    <artifact classifier='osgi.bundle' id='org.apache.batik.css' version='1.6.0.v201011041432'>
      <properties size='1'>
        <property name='download.size' value='265409'/>
      </properties>
    </artifact>
    <artifact classifier='osgi.bundle' id='org.eclipse.core.resources.win32.x86' version='3.5.100.v20100505-1741'>
      <properties size='1'>
        <property name='download.size' value='17987'/>
      </properties>
    </artifact>
    <artifact classifier='osgi.bundle' id='org.eclipse.e4.ui.workbench3' version='0.12.0.v20130515-1857'>
      <properties size='1'>
        <property name='download.size' value='10248'/>
      </properties>
    </artifact>
    <artifact classifier='osgi.bundle' id='org.eclipse.jface.databinding' version='1.6.200.v20130515-1857'>
      <properties size='1'>
        <property name='download.size' value='278295'/>
      </properties>
    </artifact>
    <artifact classifier='osgi.bundle' id='org.eclipse.emf.edit.ui' version='2.9.0.v20130902-0605'>
      <properties size='1'>
        <property name='download.size' value='218474'/>
      </properties>
    </artifact>
    <artifact classifier='osgi.bundle' id='org.eclipse.equinox.bidi' version='0.10.0.v20130327-1442'>
      <properties size='1'>
        <property name='download.size' value='48549'/>
      </properties>
    </artifact>
    <artifact classifier='osgi.bundle' id='org.eclipse.e4.core.contexts' version='1.3.1.v20130905-0905'>
      <properties size='1'>
        <property name='download.size' value='47374'/>
      </properties>
    </artifact>
    <artifact classifier='osgi.bundle' id='org.eclipse.emf.ecore.xmi' version='2.9.1.v20130827-0309'>
      <properties size='1'>
        <property name='download.size' value='227788'/>
      </properties>
    </artifact>
    <artifact classifier='osgi.bundle' id='org.eclipse.osgi.services' version='3.3.100.v20130513-1956'>
      <properties size='1'>
        <property name='download.size' value='82934'/>
      </properties>
    </artifact>
    <artifact classifier='osgi.bundle' id='org.apache.commons.io' version='2.4.0'>
      <properties size='1'>
        <property name='download.size' value='170391'/>
      </properties>
    </artifact>
    <artifact classifier='osgi.bundle' id='org.eclipse.xtext.util' version='2.4.3.v201309030823'>
      <properties size='1'>
        <property name='download.size' value='216608'/>
      </properties>
    </artifact>
    <artifact classifier='osgi.bundle' id='org.eclipse.jface' version='3.9.1.v20130725-1141'>
      <properties size='1'>
        <property name='download.size' value='1100507'/>
      </properties>
    </artifact>
    <artifact classifier='osgi.bundle' id='org.eclipse.xtext.ui.shared' version='2.4.3.v201309030823'>
      <properties size='1'>
        <property name='download.size' value='29243'/>
      </properties>
    </artifact>
    <artifact classifier='osgi.bundle' id='org.eclipse.e4.core.di' version='1.3.0.v20130514-1256'>
      <properties size='1'>
        <property name='download.size' value='52219'/>
      </properties>
    </artifact>
    <artifact classifier='osgi.bundle' id='com.datastax.devcenter.ui' version='1.0.0.201310150237'>
      <properties size='1'>
        <property name='download.size' value='3616'/>
      </properties>
    </artifact>
    <artifact classifier='osgi.bundle' id='org.eclipse.equinox.security.win32.x86' version='1.0.300.v20130327-1442'>
      <properties size='1'>
        <property name='download.size' value='22912'/>
      </properties>
    </artifact>
    <artifact classifier='osgi.bundle' id='org.eclipse.swt' version='3.102.1.v20130827-2021'>
      <properties size='1'>
        <property name='download.size' value='18484'/>
      </properties>
    </artifact>
    <artifact classifier='osgi.bundle' id='org.eclipse.ltk.core.refactoring' version='3.6.100.v20130605-1748'>
      <properties size='1'>
        <property name='download.size' value='326171'/>
      </properties>
    </artifact>
    <artifact classifier='osgi.bundle' id='org.eclipse.emf.common' version='2.9.1.v20130827-0309'>
      <properties size='1'>
        <property name='download.size' value='351735'/>
      </properties>
    </artifact>
    <artifact classifier='osgi.bundle' id='org.w3c.css.sac' version='1.3.1.v200903091627'>
      <properties size='1'>
        <property name='download.size' value='32952'/>
      </properties>
    </artifact>
    <artifact classifier='osgi.bundle' id='org.eclipse.e4.ui.workbench.addons.swt' version='1.0.1.v20130823-1518'>
      <properties size='1'>
        <property name='download.size' value='134192'/>
      </properties>
    </artifact>
  </artifacts>
</repository>
